username,email,password
johnsonjoshua,donaldgarcia@example.net,(&1WTSnJL8
eric51,jamesmichael@example.com,)4yZbnXpUe
michellejames,xreid@example.org,5vZG0v0G^Z
lydiatrujillo,nadams@example.net,Or5G_uRh+V
ddavis,hernandezernest@example.net,G&Rx9CmcR7
shawnmckay,teresa28@example.org,_+iUqR!B@4
millertodd,spenceamanda@example.org,77JRRg2f#a
calebsmith,briannasmith@example.net,t_^0b3HcUM
hopkinsmichael,uowens@example.org,m1(BR_1M_^
richardolson,kbarrera@example.com,69dgjIO2!z
hshaw,brianromero@example.org,pHv@9CvaTB
emilyevans,sarah10@example.com,9c)DD69K)A
josephpreston,josephjacobs@example.net,pP3tVYnu^)
hhoffman,landryhannah@example.org,SJ$EvLsE(0
sarayoung,theresacochran@example.com,jIb!2Xdk#M
jeffreykeller,emurphy@example.com,yRv(xMv7^8
cruzbarbara,bradley60@example.net,^b3LnfAA(H
yortega,christinaturner@example.net,J4aMJ3Ns!g
clarence34,lindsayhernandez@example.org,^$7TdOya!h
pwilliams,bryantlaurie@example.net,wrX8TnSk(N
joshuajones,jimmy55@example.net,@+3ICMEhG2
benderkenneth,acastaneda@example.net,ZO8NGbtf+8
millerroy,qwhite@example.com,^38OJnMh$k
johnwells,elliottjeffery@example.net,W%(5x*FBct
curtisbarton,hoganashlee@example.org,FP8oN*vZ^e
umarshall,marcus31@example.com,3bCYoOE7*W
allenrichard,hannahbrewer@example.com,4*A0CjJhCe
newtonstephanie,jamesrodgers@example.com,W+99YAeq$%
andrewstaylor,dpeterson@example.com,OUcCmwm6*1
tkerr,ntorres@example.org,Y)&1Y+IgM#
kristin93,owilson@example.net,%4WmuKMc#E
prestonjessica,anthony39@example.net,i!4K8SbmxM
robert74,jcervantes@example.org,*xH1KaSi1E
sarakim,omartinez@example.net,@I4$2wJrv9
yarnold,sandraromero@example.org,pDk7!4Yz@q
mcantu,ashleyhall@example.com,X5GbmyOp!V
robertpena,charlesharrington@example.com,a^p9WBmiq#
hodgesjane,wallaceheather@example.org,9F5ZTk0bq!
stevenking,elizabeth74@example.net,vzAx2Cozp(
andrew64,knightgina@example.net,!9X5p426hi
xjohnson,christopherphillips@example.net,k&2P8Gtex9
michelleramsey,zcoffey@example.net,^RLbbZmvm1
deborahreid,tblankenship@example.net,wb1*r_Ebg&
rgilbert,vaughnjeff@example.com,$sZD8vwm&5
kristinharris,brendali@example.org,^p_Z6ta@@2
josephmartinez,vfox@example.org,*7Pv$jYlLx
cjoseph,lammarc@example.org,YSC2RLIt@p
robertwilcox,gperry@example.com,Fiu%nV*g&5
qgomez,uparrish@example.org,lP+NoDJ(%9
anthony44,michael22@example.net,_eCRFL+BC6
karenwilliams,nelsonebony@example.com,)P7NiVQA4y
keith10,lburgess@example.org,Phl^8$Wup&
usmith,lauriemontgomery@example.net,6V1NAdC0^(
curtisscott,carriewolf@example.net,O@2LYTZupY
brittany58,collinsshannon@example.org,ppX4MCkuL^
susanhayes,toni18@example.net,K0Q+FHwD#k
johnathan92,christopher25@example.com,e6TZCEtw_t
coxhenry,matthewmiranda@example.org,$kERgQacX2
udiaz,tarabishop@example.net,Al3RFwhM*G
moniquewilliams,jsawyer@example.org,++LPnDjm8u
paulmiller,anthonygalvan@example.net,_9Zd_ee!_5
parsonsjohn,williamsrobert@example.net,p1Q5_DX5*b
cmarks,qzavala@example.net,!5ZjgC$cm0
james30,sarah86@example.net,Z9*$a4ByHK
zrichardson,laurie61@example.com,B^aA2RjE$)
jonesdana,william20@example.org,%jBGTecw)7
redwards,susanjohnson@example.org,(*83XMzr_^
jenna88,patricia22@example.com,k5OEUMDg(3
martinezlogan,coleerin@example.com,18KtUs+0#e
james84,colleenmendez@example.org,+af2STs#$(
jimenezcourtney,dawn47@example.org,^%6N3Jof_p
floressteven,shannon21@example.org,%6+CTBinQO
pwagner,brandywilliams@example.com,MRo9UviF*U
hughesshannon,marcia99@example.org,kDMh2PPl#1
markaustin,phillipjensen@example.com,)eAmQbyqk5
jennifersilva,alexandriagriffith@example.com,#(Bs+dIj3q
whitney78,ledwards@example.com,cqc(5RwlAv
ybailey,keith98@example.com,_5Y^zah3&8
johnsantiago,danawilliams@example.com,^7SuDvrN2x
amandasharp,gentrygregory@example.org,1h69ZAWp!L
lisarivera,twong@example.org,Ui!5sZQjb1
greenjoe,stephanie49@example.net,E5b0Iuuri)
susanmendoza,madkins@example.com,&P46hq&Ly8
ashleyhernandez,melissa71@example.net,$K%PcTTbA9
williamsmelvin,weaverbrian@example.org,10JfxnrL*F
whiteamanda,jessicawalker@example.org,!JGOM+vqi4
carloswheeler,tharper@example.org,54$0MomgBW
roberthill,conniesimmons@example.com,!QUIA1Rv5p
jfaulkner,paulscott@example.com,&f21bOql_f
susan03,suzannewilson@example.com,H5B$M9WgrM
hartjeffrey,allentran@example.net,2566SJCe)f
iwhite,warrenmary@example.org,_o5e!PYa0X
smithjennifer,andre62@example.org,@8m7HFETh4
abrown,christopherbruce@example.net,^59DTquc8S
karenmarquez,thickman@example.org,c)G3kS^hDm
unovak,walterskristen@example.com,v*3a&Lre&+
smithkyle,kathleen12@example.org,T6@O&WCG#r
ginajackson,kevin72@example.org,AjEvf6In_#
ryan92,malik37@example.com,6YKjC8kj#2
samuelcarter,fuenteslaura@example.com,76+JFEuV_u
rodriguezjohn,gabriel90@example.net,xJY7PkUU_6
webbkenneth,wilsonshelia@example.org,k^4Kfo%$e@
andrearivera,omullen@example.com,a2FrLJ!3_u
mark71,emily78@example.net,H^E9MtltVb
whiteheather,ibarnes@example.net,&d6zTF_pL$
lisamaynard,fortiz@example.com,&7i9PR0L+f
amber07,veronicagarcia@example.net,7p4B(mogc$
lindahudson,candice25@example.net,wQ%4_Si%8a
othomas,courtney67@example.org,h1qLOMqo_x
tammysummers,sadams@example.com,(ks9$YEsu+
nicoleturner,clarence54@example.org,^2hJ&B3mVQ
ebenson,perezchristopher@example.org,_j5Lz_j!a@
fheath,taylordavid@example.net,k6ZNkf9v&5
juliephillips,bowerslaura@example.org,*6Dyzv)hUF
smithjason,fryraymond@example.com,JnZR+8Yuy_
holly30,christopherhamilton@example.com,b)9!BjODQm
rogersruben,bakertheresa@example.net,@OT76OUq4P
lmora,tranrobin@example.net,_6BnU(Hk4Q
kiara45,tranalan@example.org,%5FZzjjS9+
cynthia05,blakenicholas@example.net,R+O%z4&gsD
wagnerdana,kjones@example.org,7H2dgB8j3&
hedwards,tami37@example.com,4cDdcnC&*E
cranemelissa,codygarcia@example.org,y@0BYZVym@
steinmaria,david70@example.org,OGJE68Xm)X
rbrown,mtaylor@example.net,(@GUNzDTB3
huangkimberly,stokesthomas@example.com,653FgdwUy)
robin05,annalopez@example.com,(%F@NpXlD4
kimmathis,susan56@example.net,_+5Jxk0xd@
sparker,david09@example.com,)0XZ*FCtDB
jason15,kristin00@example.com,*6S*Fnac0^
petersonpamela,jessicapayne@example.org,e9aTp$Cy^T
longandrea,xhernandez@example.org,Y1*3Jyv(&M
nathanjames,seanbaker@example.com,%hb&DSIs%3
thomasmiller,shawrachel@example.net,wL90Ed$^c_
millerangela,melissa87@example.org,j(+T9Sq*+k
kpena,rjohnson@example.com,d#r9Thuv@m
kevinmanning,joseph69@example.net,gIOQF%k%@3
nancygonzalez,wrightstephen@example.com,m+3)IlV1qV
anthony02,mercedesholland@example.net,Ppxc$4Un4X
jeffery48,asilva@example.net,V85Ru8C8_w
racheltrujillo,rguerrero@example.org,z7IG0UUp+4
marywalter,kellyruiz@example.net,%8a44qJfFY
kennedyjames,dillonpatrick@example.com,&D0szEpe^C
jason29,tracygallagher@example.org,#JN9NuwsiR
curtisgordon,gary04@example.com,*rTqsE1wt8
daviddawson,brooksdanielle@example.net,)0@dTGbN+d
cindy26,huntchristine@example.com,@jn1EP+gtc
powersrebecca,fhernandez@example.net,@1IM*u#9lB
patricia94,watsonmatthew@example.org,n&NJr0O6yi
ywhite,cheryl27@example.com,%O!qQhb4@6
timothyalvarado,jhernandez@example.net,P!O0hBUfPS
csolis,gatessergio@example.org,*T!0WDAm3b
ann99,xmoran@example.net,a*EY1SD*sy
jacobconrad,ylewis@example.org,5unVjLDw+y
xglass,heatherthompson@example.org,WBVIXdtH@6
megan85,jamesweber@example.com,5awPVBeE_U
johnsondustin,gonzalezkaren@example.org,d9h4E*bg%g
housepaul,tammy00@example.net,pK%3TFVy2f
lopezglenn,bennettroy@example.net,o!MvFuWs%2
charles58,susanmeyer@example.net,#6rbCRwrNT
rebeccaaustin,susanfleming@example.com,i1MmFlK$&2
clarkcrystal,michellecoleman@example.org,j8vW+LC&$x
rickey76,ystewart@example.net,@%h$8EAucW
omoore,julierobles@example.net,r2qZJ!v_%U
kaitlinberger,jason82@example.org,2#l3TuzMSi
wlynn,emilyyoung@example.com,NCa)1Gkw0B
erinrivera,wford@example.com,8&8nr2fY*D
rebeccaarnold,jvaldez@example.com,g9YPHPbs&3
jillwebb,billy73@example.org,bQHGbr#Z%5
xvaldez,blacknicholas@example.org,OlW6_L^Z3(
ushepherd,olsontimothy@example.org,)$U+U#n%72
robinsoncatherine,kdillon@example.org,&9Ez0cuW^F
mserrano,thompsonrachel@example.net,!N)Qnsya8F
yclarke,brianna91@example.com,#p84IPykU(
jcox,qpearson@example.com,Xz63SSlTN(
adkinssean,craigromero@example.com,(9x!&_vK%W
hmendez,jennifer90@example.org,_7Oa#WQ50#
kimberly56,hwillis@example.org,9n1DC8r2+U
hansenwesley,stacey84@example.net,x)i4xWoV#(
hmoses,haynesjose@example.com,m^u6Vs7xc@
eric11,loweelizabeth@example.net,!BBrU81ip8
imendoza,shawphillip@example.net,QB!b7DEw1#
ivan63,xhaynes@example.com,&y4mflOf2l
otaylor,kristen44@example.net,)%mN0MdETu
bellerin,barbarasantos@example.net,bkgrG4L_0#
martinjeremy,denise49@example.net,p&4OI1yfav
davissharon,bkelley@example.com,(&uG4DKi10
amy28,brittanybryant@example.net,ZR9NNqAI_!
snichols,earroyo@example.com,W!S6ZKjeZn
zacharymarsh,justin84@example.com,9$18F1@eR1
halledward,arobinson@example.com,*5oO%jwM2o
cwise,joanjohnson@example.com,+Mc1Qv$vQ6
teresayoung,knguyen@example.com,)xMdczj61c
martinezjesse,linda73@example.org,)sLKxd21+6
schmidtshannon,amber70@example.net,rXXXf%xm(6
robert51,millscarl@example.org,#0UGaQddFW
mcdonalddanielle,angela65@example.net,$^Iqx*fR!9
xreese,emily61@example.org,C+z8EMqCF#
nicholaspierce,michael77@example.com,@tJ!y3Bj!0
stevenseric,michael93@example.org,%tgfC0sdU4
deleonsandra,michael66@example.org,jGA$R+Au$9
walkerkeith,vhernandez@example.org,SbHXdiN2*9
kimberly59,rodriguezrobert@example.com,V^3KXlK_$m
singhjohn,mistywilkins@example.org,^Cg3ShJYo1
scottbrian,kristinawilliamson@example.org,a*tE*0rmyC
lopezvincent,tcastro@example.org,!H+DQYjy3m
jeremiah56,christopherreyes@example.net,UJ3WN)hU)2
dianacunningham,lonniegrant@example.net,@2KeIKvsv8
catherine93,jerryjohnson@example.org,o+a7ENq4Ix
saraduke,dwatts@example.org,&6fYvURbe#
cterrell,oblack@example.org,r4O09uds$m
phillipmorris,whitebrittany@example.net,BZC0g&iY$7
kwilliams,ariana22@example.org,0iLY()3j#N
lyoung,cchavez@example.org,rhYm9A%D_)
rodriguezvictoria,emilycarr@example.net,T9hESiBz+i
davidvillarreal,alison83@example.net,UyR&Bdke$9
christinacrawford,lvasquez@example.net,$4kGaXI$Dl
kevin85,wilsonmathew@example.com,n2nuN9Ta+M
conleykevin,angela03@example.net,_x8#5ZzUGW
crawfordjohn,tgallegos@example.org,F#4&Fds+(N
shortsharon,jamiejohnson@example.com,B$o8Da*i+@
kendra14,ericwilson@example.net,(8DvlU0gsS
bbrown,mwhite@example.net,B_e7Tyhl)m
douglashuang,roberta62@example.net,L5NEZkiW_*
amorales,christinekelley@example.com,mKkKk15g^&
shortgregory,gjones@example.net,Z%4_6hKpa)
jamierich,ashley46@example.net,^1oSasx!Ty
zpark,jennifer66@example.com,(13uo+Vf)^
christophermay,ydalton@example.net,LJmGTJfO)6
arthur09,hbush@example.net,g1yjE^r&*x
bergeramanda,harrisonwilliam@example.com,)lN#lhfT%5
mitchellchristopher,yorkjoshua@example.org,4i0V+Il7)N
caitlinunderwood,amullins@example.com,0Uo77mXu$N
dustin60,sara76@example.net,*RE8XaVbl^
aprilbyrd,lawrencesmith@example.org,Qd0N6#X%V@
pdouglas,pauladominguez@example.com,%u8J7Vc+^j
gregory17,chelseywhite@example.com,@X2K7#Ryj@
edward56,robertsonshelby@example.com,*6R!MmxTvE
amanda51,shodges@example.net,$aAR*cObK2
ibrown,victor70@example.org,^0KaQvqzg5
ruizsamantha,sanchezdeborah@example.org,*#n%m0JX%z
marcoconnell,kathrynwatkins@example.com,@1I06V)eYF
smithsara,robert72@example.org,#oXQ1OwY4D
montgomerymichelle,stevensims@example.org,%cxN1G$d90
yangsara,ericjohnson@example.net,K@J1s5Hx5I
bbrown,javierlynch@example.org,fY&5Eo%_pL
kristinelittle,belindatran@example.org,@4QM@Jp6K6
williamsthomas,simmonsphillip@example.net,@hPI4E5h@7
iford,xlopez@example.net,*dR9hUXUc0
pamela16,steven05@example.com,Tj_8Wcgh#e
eramirez,michael78@example.net,c@7XlvWr%s
susan11,joshuaterry@example.com,@Ic3NQu@#@
diana57,kellis@example.org,%2Zi_9wX+R
autumn74,jack80@example.net,LyR(5Eil^+
tara92,hmorgan@example.net,*0HEv&%ZV4
frhodes,ulee@example.net,E_)F89Bvq&
achandler,maryharper@example.org,z%$4PIqITe
twilliams,troy73@example.org,w!Ma2IOj6I
bianca96,courtney71@example.com,09BAi08J(E
kathygeorge,amybrennan@example.net,c4Vw!QFN%t
mariepope,butlersabrina@example.org,B#0PliDe#m
yvazquez,joneskim@example.com,kP3D6bbhj!
davismeghan,stacy55@example.org,U9UH428q(y
helen27,whitemichael@example.com,I&BM3OQhf&
tburke,aperez@example.com,Nz3zO*Ca&&
coxjames,brookeewing@example.org,8e68XZHp$H
qrodriguez,ocrawford@example.org,nO@1XCAb!a
qhenry,lisa88@example.org,L!K#6aDm0J
rkeller,kalvarez@example.net,!Fci9Ip)F6
pattersonvictoria,qbell@example.org,$t%A3@UjpU
odomnicholas,gmorris@example.com,3iDKpKOo@o
wendy63,robbinsbelinda@example.net,lN3kCAsK^4
jpowers,nicoleburton@example.net,#mvPZgpt9f
jhernandez,megan65@example.org,3Z6NI(i6_M
josephjohnson,donna20@example.net,B0%BsbrH*c
boydmaria,tyler13@example.net,@lhv4K3s5p
stewartrodney,sylviasuarez@example.org,m@xW7Wld^5
nicholsjoel,zprice@example.com,A%+KB1Yh8^
hollyhunter,robert85@example.com,Z10Z!YbU(+
vmendoza,jorgemcdaniel@example.com,F%F3C@@nX4
brandonwilliamson,edward52@example.net,Ku@0(eWqj9
wandacampbell,robertortiz@example.org,XhFc4!IBd!
hawkinsbrett,thomasgomez@example.net,l!9GyW)x_1
uanderson,hthomas@example.com,2uPqXi7i!B
edgarhall,harrisonfrank@example.com,KzPLbf_D&1
brandybonilla,robertjones@example.com,_y)FK*BaM1
tara97,stacey92@example.org,%!4GK1zq&p
travis64,michaeldavis@example.com,rN(3hPXoJ#
prose,robertssamuel@example.com,svQ92E$*J%
wilsondorothy,kristicameron@example.org,BWiL6Djl3@
smithdarryl,dianastevens@example.com,_m9Xxblp)2
ryangarrett,christophercarrillo@example.org,*6dxMAd2Un
vallison,benjamin67@example.net,)%@US9Vp(Y
keithlee,samuel83@example.net,a)5Twnbgk_
estradadavid,ericvasquez@example.com,T4EHc0pP*g
tomchaney,kayla84@example.org,v8Tlxhyj+p
pittsrhonda,jessicaerickson@example.net,E*12Eu!nN9
qward,edwardmolina@example.com,I$2pkZn_!l
wbrown,kellerdarlene@example.net,HcS8gtJn!u
zterry,trowe@example.org,!g)zK&SQ8m
marilyntorres,hbenitez@example.net,P)hILu!D!5
justin92,pstone@example.org,mE*enSgr^8
lwiggins,cfields@example.net,P6LxPFdL*e
xrodriguez,billy21@example.com,j5_V$Jr3%O
tolson,ymccullough@example.com,9Zib+EyY*G
pfitzgerald,clinejasmine@example.net,u4RXU$U2_s
kristin39,imiller@example.net,O^61SRb&yS
brianwoodward,anthonybrown@example.com,@5vsEnW5PP
etran,ojohnson@example.org,b64RAs&Z!x
jali,dwilliams@example.net,vbWoAEYV%2
fosterdavid,jessicalutz@example.com,$cQ7hz6yD9
lynchadam,chambersrobert@example.net,Rk7^#YmbE+
martinezmitchell,seanwalker@example.org,%5lGyxcOeW
ashley72,donnaknight@example.net,Vh)vFrfc)9
pacedanielle,nashmarcus@example.com,%1iV48JL!q
prosario,frankcollins@example.net,J1kAo6Nw_p
oduran,friley@example.org,%!u6AYKcTw
chavezsteven,nhobbs@example.org,C20W%kOqZ^
devinwilliams,larrygraham@example.net,4_ADFSrc^P
tiffanydavidson,kristenpeterson@example.net,*UxTI0Lw$7
johnnavarro,lindsay63@example.com,^##0Lai$#2
gregorysmith,renee02@example.com,A51Kvygr_%
louis63,hinesbrenda@example.net,$2Kpxrh&%b
victor72,jennifer87@example.net,Hu7#IspHA*
taylorchristopher,ostone@example.net,C7KQt8@K!^
wilsonmichael,matthewleonard@example.com,%_peS7GwD4
michelleperez,thomasblack@example.net,*oJv7Kpz_q
jeremiah66,mark09@example.org,YKWq23Gs1#
damontran,serranocarrie@example.org,93C^%Qmp#+
ypaul,davidharris@example.com,UA3FLtzK+7
kstevens,mclaughlinkeith@example.com,^o4MtJGad*
elizabeth13,wjenkins@example.net,@iC56Cy^dh
kingjenna,markgoodman@example.com,*1CM8+rW1)
eric52,jenniferstafford@example.net,$7ZWsbA$!j
ajohnson,lori13@example.org,_2XBYfvHJ5
avaldez,olewis@example.org,F_4AUy*Rzt
tina62,gregory57@example.org,Lsg0e!Ti)^
taylorvictor,edwardharris@example.org,9)BO#xIm$4
lauriehorton,cathyjames@example.com,%7wUzva0#k
ucollins,johnthompson@example.org,%24NwESoJX
fsimmons,brooke28@example.net,A8TN#4Mo!p
ortizbenjamin,cruzariel@example.org,&P4cYyug5#
jblackburn,john92@example.org,tHVsU1wn@1
ugoodwin,rodriguezashley@example.com,uH#4mXgdQa
hwhite,nbradley@example.org,$0yqXf(Z^&
timothychambers,smithjoseph@example.org,*Q!9zZbNC_
hestermorgan,smithmonica@example.com,+Rw26ActQa
nross,baileysheila@example.com,91XQUpPm_A
pbates,jasonmullins@example.net,z1DCG8fn+b
monica99,schneidernicholas@example.net,k+657U(DVu
stephanie90,bryan83@example.com,lv&5Y*!lBm
dustin09,kyle14@example.net,)e7yCnUgld
tracey20,rrogers@example.com,R862MH)cU^
scottolson,jasonbrock@example.org,+0LpFycx%E
brittney26,austinallen@example.com,%9zb&MmuFK
andrewberry,vhill@example.org,z2A)CeMp)d
molinajared,whitecarol@example.org,8#Oa&7z&!A
kevinshah,donna72@example.net,WPcQ$l_p*5
david96,piercejorge@example.net,vcO_3YcY#6
lesliefrench,mjohnson@example.org,(@4DECrq4!
brianna71,jackie48@example.com,)hBlfkSr1V
douglasbradley,brian53@example.net,1)lP6WormA
walterschase,shirleymartin@example.org,@4wcv_Rccp
rhondareese,vpark@example.com,$L8uisVt)E
tara53,robertstimothy@example.com,$4AvZX#uX0
kenneth10,pamela26@example.com,2R1ItNp6!F
daniel77,donaldburgess@example.org,9)3C#Dwg^(
vshaw,ganderson@example.org,@c2LJWqN8#
johnwang,virginia36@example.org,*1zWY4x#z1
linomar,isabel33@example.com,J$(&7B6q1!
rebekah16,johnnyhenry@example.com,@vp1gEDRF%
andersonjulia,williamstanya@example.net,u^SD3W2o$2
bartlettcarlos,gmills@example.org,x9I%x2mw#P
yhart,nlawson@example.org,!2SgPf7p97
kellybowman,sara40@example.net,$DW3RdSfIX
jonathansmith,sharphailey@example.net,m%9Rlh+gfF
lharding,andrew22@example.com,_9GZHfch!*
kaylaadams,sparksalbert@example.org,(5TKWC+%cY
huntmary,aaronwalker@example.org,a&rG6E(0(l
david10,gregorymoreno@example.net,#Y6q8Ev7tl
ygriffith,hbriggs@example.net,B)i4ONEc&_
opatel,tmiller@example.com,m4(E9YEw)(
maryarnold,osanchez@example.org,+2DxFwb^nq
chriscarroll,lhernandez@example.com,2AXCjdq++#
dfrazier,samantha84@example.net,y$y)36FihT
zmartin,deborah34@example.org,@15Lt3!t12
elliottkristy,williamschristopher@example.com,5PYGE)bC!j
cwoods,evan71@example.net,c_3zGzXQi@
twilliams,nallen@example.net,z@2iSqlsOu
michael12,escott@example.com,O29IXcDs*B
natalie09,figueroajohn@example.net,F!2DqbjMRm
umurphy,wendy73@example.net,+Sw73UDi%l
mirandacisneros,onelson@example.org,HA@2Ci7n&s
sheri77,tammykim@example.net,)W6bXAyrgg
victorstewart,ubaker@example.org,*U#U1ojW32
allen48,lyonsdeborah@example.com,nlyC6LLS0&
shafferdale,jensenrobert@example.com,Y+lbp9Rd(p
xsmith,williamadams@example.net,b!4Z@knQg%
plee,zpoole@example.net,y02QUmlP&k
christopherjohnson,fullerbrittney@example.org,)g)8CEss9R
christopher20,rodriguezsara@example.org,s@O2oJi@^w
lstokes,alejandro29@example.net,zN0D+ku2)@
roachanthony,jeffreyluna@example.org,w%S94OPH2g
gabriel37,bandrade@example.net,*G2EKmtr+4
raymond12,ruben25@example.org,Fj)3VClks@
dakotaramirez,berrydebbie@example.net,&lOzK)0gG5
david60,rogersallen@example.com,@6HTBXHdLj
brandonsmith,holdermichelle@example.net,2&Fs3Fq7kc
knelson,brandywilson@example.com,L9RUNuBg#7
donnamoss,heatherjones@example.com,33A*3VRv!B
jefferycox,gparrish@example.org,&cwUCM*i3M
hbell,gomezjason@example.com,$6*ZgJQk(R
lucassusan,dariusjacobson@example.net,*4X3Crgr7%
jessica12,sstevenson@example.org,#CLxbV@cr5
freemanjohn,williamsandre@example.net,%_&A3Qgq7O
patricia97,nelsonapril@example.net,a2O6NyEh!w
josephshelton,peter64@example.com,dn0kSkDq$u
kevinroberts,alexis03@example.com,A)1BpD8pbi
frichards,jeffery75@example.org,x*_6NTmBUc
kevinmiller,ygardner@example.com,d@2EEMQMto
kristin98,david89@example.com,bMiQ6E7m*!
martinezbrenda,mileszachary@example.net,shEYfvlY+7
wrightdale,wallscott@example.org,ym4Mmcpp@Z
qroberts,haleytrevor@example.net,%Mm_8MGw#6
taylorsharp,albert25@example.net,Q(0+3TLw_k
mestes,barbarapennington@example.net,B(D4HEpw**
jessicacruz,dnielsen@example.net,^i%1BBdxzU
zcervantes,christopherjohnson@example.net,_!jBpDcz@3
michael82,gonzalescolleen@example.org,Q)1$Ezm9nG
fergusonjohn,reginald08@example.net,@9JPr%3iCi
reedchad,ngeorge@example.org,(*OEDNjq7i
vfleming,tranbrett@example.com,+_KNyFwK%2
ritteralexis,lisajones@example.org,BWr*2Jab^v
kimberly43,luis88@example.org,!N5NoQAw)f
bbenton,rhuff@example.com,)pG@Jc4G6R
kentkaren,sandra49@example.org,KJfg%(Xt!5
francisco67,davidsmith@example.net,SC1XHyjlW%
cford,owenstammy@example.com,_vGnB%1i88
dannyjohnson,criley@example.net,z3@Bow$5+P
maria61,jliu@example.org,^9aZyY+$ul
william89,shelby69@example.org,2^^v4PUy_M
mstewart,rhonda53@example.com,xdK7I^KxE$
sarasanchez,qcraig@example.org,D)4PZOj21L
inewton,bassandrew@example.org,@qEHTQ(ss2
olozano,byang@example.com,fVXPf!Vb*2
halltrevor,elliottphyllis@example.net,G(6$JkgJ8r
robertstommy,nicoleroberts@example.com,)*S10H#vR2
shelly96,dmeyer@example.com,O&18Onlh@^
gmccoy,mannleroy@example.org,Q2&1WwYzVq
ucervantes,mcampbell@example.net,3K8XeXcx@5
mary47,zrobles@example.net,*^8h9Pjb(M
flarsen,bmcdaniel@example.com,%TB8GzJ7%N
kortiz,amandachan@example.org,W@9K&eti)a
oheath,laurie55@example.com,$8@XhHN+A5
irios,michelle11@example.net,+Su6AGnakJ
bakerdiana,bbennett@example.org,$tRR@OiFS6
sergiowoods,daymartin@example.net,3vV&@1Rfi%
benjaminbarker,rsavage@example.net,$8ZBeQpz&*
aprilmartinez,samuelstanton@example.org,lOFSHuK9&7
kellycohen,april47@example.com,z50XNB1x$!
cody97,carlfields@example.org,9i0GFivTZ^
gregory91,lauramatthews@example.com,^xYXt3!s49
christian02,ecoleman@example.com,5H8eYod^%3
yhenry,gina86@example.net,^jD2XAulFv
adamcollins,bartlettruth@example.net,ZZIze8%b!9
johnsonanthony,janicethompson@example.org,KeDp8bag@6
shepardrichard,brownmandy@example.net,KC2P04of8#
fdavis,jessicalopez@example.net,_40&Y6fZs2
gregory29,robert34@example.org,K&IEjQwc#4
victoriahamilton,jared88@example.net,%y7uQQNMB1
misty02,valvarez@example.net,0ShKX2LjN@
billy38,fisherkim@example.net,&9Axf2xh)C
stephen27,hopkinsjames@example.org,5%&4coCfDM
wanderson,ricardomurphy@example.com,_mbx@rT5E6
devinlopez,kevindavis@example.com,_2m#wNecnM
luisandrews,aparks@example.com,%_6(lNyjeo
fberg,adamvaughan@example.net,)fL$4GqFrc
guy56,griffinkenneth@example.org,#g6L&fYx)1
jonesnathan,chelseacummings@example.org,C&A8Xhfg^c
christina83,brooksthomas@example.com,bqt28I@I)%
andrewnguyen,carrjessica@example.net,WS9TNBu+*O
kjohnson,welchanna@example.com,@9BbXY0q3z
nicholasmedina,hlawson@example.org,U3+jgGdh&W
michelesimpson,cmitchell@example.org,RCJatGay#6
greenejessica,nguyenjohn@example.net,w@_7GV2cLf
kellykline,beckystevens@example.net,)MZloqHz7^
ajones,nicole81@example.net,K)8mnfWauY
katherine91,michaeldouglas@example.org,$ZGsi679K7
aimeejohnson,anna44@example.net,NK9Uj_9GZ#
greenjennifer,kwoods@example.com,BF_2Sq0s@w
charlotte13,victor90@example.net,(#YwP8xgX3
johnrobles,hannahcurtis@example.org,yF87gttbA$
florescynthia,timothyramos@example.com,$OUVR(rs21
fguzman,markwebb@example.com,6_4AKyIrBy
cody75,jamesrodriguez@example.org,BRQAXj++$4
yvaldez,rchan@example.org,_C%hL7JliH
andrew33,kenneth50@example.com,&236p*KrNf
valerie96,garciadanielle@example.com,((h5jO+jA2
angela40,kelseyjones@example.net,+5LMMCye6h
ffoster,deckerbrian@example.net,z0SCR8C%^n
mbishop,wangryan@example.com,*^ZXRdeJ@7
ronald43,amanda39@example.com,j3+9EgjRwC
oritter,kelseyjohnson@example.com,qoA$K2jV@6
davidburns,kara56@example.org,E$(1ZlqpEv
santoslisa,rsmith@example.net,o1!Q5BeW3_
robertthompson,judypatrick@example.org,^3ZFoYf@1M
ufarmer,ericsmith@example.org,xM6sCdl!@s
summer17,kgoodman@example.org,l_ag3QXe6#
kathleen25,jbrooks@example.net,G$20_XkzB+
nhayes,ihowell@example.com,Q4z1UyjL@p
imay,codyhester@example.org,8DWjvxx1@r
jessicagomez,annaschmidt@example.org,dz0RcYh4(5
brandon64,asantana@example.com,v!*5BuEx%I
debbiemyers,johnbell@example.org,fVb2M8CdQ%
weaverchelsea,chadwerner@example.net,o^Y40BqO9m
bcopeland,gbrown@example.com,P4nyI*lu+V
qobrien,gwilliams@example.net,SiEbsJHd_1
oli,bcaldwell@example.org,)*u2Ao6uDy
stephen42,angelaboyer@example.net,j^O&E6YxBl
wfowler,tharris@example.com,shZB(Vod^5
gonzalezchristopher,jphelps@example.net,^GLmqlXx84
anthony33,nancyalexander@example.org,xpNK0Jh1Q#
ryan53,amber12@example.com,U*t3ZR*r+D
stevenssamuel,kbrown@example.org,%D7_c%Ruw(
clewis,amanda45@example.org,i8Npx$eV)^
johnguzman,maryjohnson@example.com,&H+c1GKc1B
lopezrichard,michaelholland@example.org,^@WyYFdxR7
michele23,nwhite@example.com,U@2rTlm##R
racheljimenez,wendymora@example.com,LMTDF5mz_8
alvaradoluke,psherman@example.org,%9YHEOOo5G
lopezchristopher,daniellestevenson@example.net,1!0JqgQmFd
jenniferjones,tylerduncan@example.net,!(Msatg1G0
christyscott,tbecker@example.net,%I3mFoUx6!
chadwilson,rachelfreeman@example.org,65uFR9Ux(m
davidcowan,hmendoza@example.org,!l5FKcW$v6
frymatthew,sandra57@example.org,+901MmKq_6
rodriguezcameron,montgomerygeoffrey@example.com,^!!%GTEd#0
gina67,feliciasalazar@example.com,_r79Pxe7+g
ijenkins,vanessamartinez@example.net,rML3MMbnR^
tbrooks,philipharrison@example.net,qI7JrayJv_
tonya92,zandrews@example.org,#6iKXoRY#*
susanparker,coxregina@example.net,0*l7K0(wIT
reginadavis,taylorparker@example.com,V*2KUY@Oba
erica21,suzanneflores@example.net,@Y5TFzPys@
jose65,nelsonwanda@example.net,#qu!1KrM*d
vrussell,sherriball@example.net,&$7Jtis@)i
moorelaurie,shieldsalec@example.org,+5TMqkc)e2
jasonlove,hflores@example.org,W1Wpq%1!*3
warnercharles,melindaavila@example.org,#6U4sD5!rc
snyderraven,harveylisa@example.org,bBjt7Awx_B
jeremyjackson,robert75@example.com,_e7O_BzYH*
myersedward,james76@example.org,2W8KIObh*%
aprilsnyder,robertsmith@example.com,_2XWRKFu)T
usanchez,reneeorr@example.net,*C2RBYxkV4
william16,cindymiller@example.com,%G2ieXji*9
kristenfrye,mgalloway@example.net,$g3Tt8kJm!
pearsonkathryn,richardsonkimberly@example.org,*6*88RL0fw
uwood,opierce@example.com,C5MfTUr%_)
fischerteresa,christopher51@example.com,&kdB&3+q84
williamskatherine,stephanietaylor@example.com,^@iObYSuV6
perkinsmicheal,randyhernandez@example.org,_P+2WCCiJ9
hharris,hughesdaniel@example.org,9d3XxMZ5$o
robinsonhenry,jamie65@example.com,&NWk9vYf!#
coltonrichardson,tashaharmon@example.com,@4NA7uru3u
hardyspencer,joseph97@example.org,+F#2G0!caw
sylvia33,ppatrick@example.org,O56$ERwM)a
bettywatson,katrina27@example.net,&6LuZnRc(6
melissaberry,makaylasanders@example.com,QU68vRbk@C
kara13,smoore@example.org,+0tZqhA3Zw
jacobparsons,jonesshaun@example.org,&WDF5VumVc
ycallahan,hendersonbrenda@example.com,#Ot7SAfmu_
morrisangela,arobinson@example.org,jSKPMdGv!2
rachelcarter,billburke@example.com,NCG2a1Fg4@
martindavid,kimmichael@example.net,sFSI#0Wq&q
rebeccahutchinson,johnsonchristopher@example.org,_F3%kOvT5_
dixonalexander,brenda04@example.org,33P30SYz^b
knightjohn,xfranco@example.org,JqB#buGy%6
wlucas,johnboyd@example.com,ITejTa88@6
samantha78,shughes@example.net,Wk_VtyRX+8
sara53,michaeltorres@example.com,Wb16kIci(e
davidsharp,danielle39@example.net,2zN8URUW^x
lisascott,jgibson@example.net,%8JySNG(nE
david16,billkeller@example.org,f91KWtuE5!
nharris,bestchristopher@example.net,)6I4XrZp!)
craigmiller,vramos@example.com,i)6Aqr@PGK
zjackson,jefferygomez@example.com,$4@v6dHmGD
oscott,michael47@example.org,3u2#S$4e#X
shawn42,lramirez@example.org,&q4Fjqqg9M
carriejones,adamskrista@example.net,@171kCRymP
meghanallen,audrey47@example.org,e+W$y2Wd*h
hwalton,fjackson@example.org,zo3sCA@th!
bsanchez,rebeccaking@example.com,M*$w7uL$Mg
lori87,villamisty@example.com,AP!*h5KgY@
ureed,micheal89@example.org,Q*7Nyz+nCe
ohill,williamsalexander@example.org,I$6S6t!gp7
qwilson,vcain@example.net,+SsPiC+cf5
vwebb,victor60@example.net,To4w4DeSE%
sanchezcindy,hamptonsara@example.org,IyC6NOeuH&
matthewharper,gcastaneda@example.org,@rvkdE$M#0
patriciarivera,davieschristopher@example.org,0GG*zXQn)0
crawfordjeffrey,antonio52@example.net,*7LIukob3q
hernandezwhitney,edwardjones@example.com,+K5ZvShv3N
michaelwilliams,perry77@example.net,m&ea5hOeq0
eddie23,mkrueger@example.net,!EDXB*yx#6
ryandodson,gibsonjennifer@example.net,$CI8kYqot%
kevin03,ralph08@example.org,!JwlOmShP3
amandatran,wyattsara@example.com,a@(5FNrug0
michaelhubbard,kyle88@example.net,p15jkvxd@E
kristen51,gregory38@example.com,+0z0DTz2zi
mlewis,vayala@example.net,@jGZ23VyEz
andersoncody,watkinsthomas@example.net,mk(65Dt*vb
hzavala,charles44@example.com,1!0JW*(yik
halljoshua,cainana@example.net,+8HuBq&rgJ
harrisonmichael,bakerbrittany@example.net,1tdKmMf)$m
barbara37,brianclark@example.net,&3Vt96QjJZ
julievazquez,lisacarpenter@example.net,$2$^HWb(!3
sergiothomas,meltonmark@example.com,&2Y38qViOw
bryansmall,goodmanalice@example.org,81&N1%Je42
iwalker,normandeanna@example.com,vuf8Q8alh$
lisa89,courtneymadden@example.org,dSU02Kyi6#
jamescolleen,markhodge@example.com,O3Rd*s5k*I
joannrobinson,johnsonalexander@example.net,&L31I(luRY
dianedominguez,howetracy@example.org,&4UDcvhT05
lynnyoung,oconnorjames@example.org,%$2#ffJoin
xsmith,patelgabrielle@example.com,3+14mYQfc@
stephaniecoleman,qramirez@example.net,90M&VkGm$R
brianwhite,laurenallen@example.org,59Rc7C_1(o
colleenjones,rojasmarc@example.org,#K#4@l#ai_
gonzalespatricia,brian90@example.net,b5P9K+Sm#R
gregoryhines,edwardstaylor@example.net,WA77DDbQR&
laurenhunt,mike05@example.com,#eM$3IpTx9
calebadams,hebertmichelle@example.com,g1gRZSqr(2
john12,smontgomery@example.net,b#I8SJfufR
shortkelly,wmoore@example.com,kfFSF2mf%0
ingramjessica,john88@example.org,Mn%5Xe%p%t
nicole16,lindsayshaffer@example.org,@r)9yOqcO)
cummingsstephanie,uchang@example.com,j7Q!t3nl@C
sancheznicholas,fwalsh@example.com,xdtrTGXD+4
ryanjeremiah,vmoreno@example.org,)mY3n_582^
cshepard,crystal53@example.com,hQ*6JNzvq&
meyerskathryn,dmoore@example.org,i6DfJSK(^3
kelly01,kevinspencer@example.net,*3tgRK3jX)
romerovictoria,prattjustin@example.org,lIWUvJYs!7
dustin59,kwalsh@example.org,9j#5Spdr(o
delliott,bdean@example.net,(ixMKuAv*2
dianehoffman,hufftina@example.org,y^6KVldIiS
wberry,nmccoy@example.org,*n7iZBnu(o
brianamejia,connie00@example.org,b*W3GA(yGa
williamscarl,salazarjoshua@example.com,_Lj9CxwZY$
malexander,peter07@example.org,bn6TYqfnu+
sandersalexandria,carlos33@example.org,*3C0Dx(S^e
wrodriguez,gyoung@example.net,^yO2LpSAV2
michellecarter,dudleycody@example.com,%0HM(_Mob0
curtislee,ijackson@example.com,+Ki75Zx(QS
bmoyer,lfloyd@example.net,+(N%pMvQ6p
christopherpittman,jeffreybailey@example.net,q#1RLM7Ugv
wnovak,grantamanda@example.net,X9SN+stC%3
william42,nicole59@example.net,8LS1ltUc(1
anthonygilbert,omar19@example.org,+G+PtPftn7
erin06,faithsparks@example.com,sE4GAvU#!8
ian86,mwatkins@example.org,ZJ)RU9fqq^
josecohen,jacob57@example.org,064dDFs*^v
anthony78,stephanie85@example.org,j)5!AYqpnY
gonzalezmarissa,brandi40@example.org,&3*M24jX^J
cyork,moyerjoseph@example.org,+#1LJw)yM%
david88,richard25@example.net,pVIhBkp_&6
yoconnell,kristin94@example.org,ttm2CJor$(
davidwiley,lloydmiranda@example.org,NQ0JgcKkQ$
smccarty,rodneynolan@example.com,+4Ung0F3+Q
martinezcatherine,simsclaire@example.org,67&f0C0qQ&
anna47,nicholashuffman@example.org,P^2TsSfcS1
scottlove,sararios@example.org,+5tFf0*J!p
joeljackson,jacqueline39@example.net,7)fM5R+j6$
whitesean,ksmith@example.org,1bFbtf3e*_
taylormichael,kelleyglen@example.org,mc8Pptcd%r
zglass,harrisjoshua@example.com,$6U(%n03fc
kimberlyblair,elizabeth14@example.org,*4UtUzxcOX
jessicawilson,davidmcdaniel@example.net,*$6h&OHy1(
mrandolph,benjaminarmstrong@example.com,&1GbAQrk5&
michelle95,edwardmitchell@example.org,oz9GkGgwu!
frankjeremy,rwilson@example.org,&5i)o7Rk+_
christina73,kramirez@example.net,)&0VOxpRv*
jacquelinedelacruz,wrightdavid@example.net,tZ^6P%sczF
iskinner,steven01@example.org,k(0@tkYdHi
stephenszachary,seth29@example.org,%&PI1Kew+m
james62,padillaangel@example.net,pc2LWOrTC&
bweeks,jkim@example.org,^9p@%7IqxC
hestrada,benjamin49@example.org,wdedCBbe(8
deborah97,hlogan@example.com,_Vc3UT9cG*
rcastillo,jesusthompson@example.com,&Q29G(xl%m
tannerrobertson,danieljenkins@example.org,a7UsSy&z_0
millersean,simonamanda@example.net,#m^VHqR+)4
xcompton,irandolph@example.org,$0I&ooGr!&
lacey96,stevengoodwin@example.net,$$7V7kku_$
emily88,mathewbennett@example.org,aZ19Zuz8X*
bakerwilliam,calvinsmith@example.net,+vU1M8e!^x
christinabeard,tracifoster@example.org,^@7T^zssz(
hallthomas,vkline@example.org,T$Cn@0k8AI
marksheidi,anthony96@example.com,@thj)7Yx7S
collinmiller,robert13@example.com,F7JbMtuV)2
haley15,brianna50@example.org,@9ojz6Ex$(
marissamedina,uclark@example.org,&CDGq@aUl2
samantha64,areynolds@example.org,@kA6IfDs^j
colemanjohn,jonathan66@example.org,C_2YYDunuJ
ebrandt,icollins@example.com,)ae*FxMw1Q
zchapman,jdawson@example.org,$1Fk@lszI7
allisonperez,bpeterson@example.com,qRM9Xmyw+)
laura40,loweruben@example.com,MJqo^_2u_5
xgonzales,pduran@example.net,#%T20^feaP
scottjennifer,arthurlynch@example.org,78C4A#Qe^*
willie16,vanessa44@example.com,_n3IEiW4e5
thomasstephen,morgan69@example.net,Q+)d6zSq)N
benjamindavis,lpage@example.com,4LRuk+(Z#3
josephangela,garymartinez@example.org,r2dGK(Hf!b
kelleylisa,nathanrobles@example.com,ua!3RjNJhp
lcline,marilyn10@example.org,$0FmOwyK^@
smithdeborah,kerry11@example.net,LBH4A7z$$F
nicholasswanson,mmoore@example.com,KT8TMHrNX!
shawn19,bmosley@example.net,)3riEoYUa1
juareztina,sarah17@example.com,M8Kbd9Wk^b
bcase,gregory29@example.com,^mrt8S7cmD
ryan82,kirkdonald@example.com,@g0HWsIs*3
samanthacarr,adam17@example.net,_85_JFvfkF
davisautumn,bishopmegan@example.org,J_$EwpKf_1
erin07,rebecca18@example.net,dWZl8ITkp%
fhuff,tiffanyharris@example.com,f^7(1GXy1M
alexandria35,robertbrown@example.com,J2S(6BxPSx
iherman,riverabrian@example.com,%0^x+Mfl#v
jessica91,corymiller@example.org,Wc_8eMdc1*
lisa41,whitneyorozco@example.net,ks2O!kid$#
scott95,kimbradley@example.com,@7SuWVg#5h
taramejia,harrisphyllis@example.org,vq4Lde%SY!
michael35,dwayne56@example.org,!UZ0NtmpSf
smason,jenniferhuber@example.net,$x9J!jFo+C
snydertricia,jonathan62@example.com,@%1wdRiAp7
adamduran,pdixon@example.org,H4_u8Cwm#1
christopherwatkins,zcollins@example.org,$1NdLE1vy3
davismax,jeremiahwalton@example.org,#wkf0NtkQ3
hrodriguez,xlewis@example.com,VBh8MC&x($
carloswerner,williamperkins@example.org,(a4KjN!139
ramireztony,diana28@example.net,Ue@1gN)ly8
heathergarcia,jennifer02@example.net,Ib!y%eKv@6
davidjones,pearsonvicki@example.org,F1p+PR(k&j
jmyers,solisjames@example.org,%&7AIxqwq$
dcox,bianca44@example.net,y!71NImZFL
jonathanfloyd,samantharodgers@example.net,+c5IwRvyw(
rebecca19,mbaker@example.net,^3wE1x%R47
xsullivan,mitchell76@example.net,kHe4zPktC)
rritter,uhughes@example.net,Jc)1Z@d!(6
jacob69,marcuscase@example.net,&65LJ_ofz7
debra93,lauramoore@example.com,@YlLIaLk4s
samantha21,richardsonana@example.org,(4aK1rPf7c
mollypeck,holtrobert@example.com,M)2cIH!o+n
johnsonsharon,debra00@example.org,f71Vo2fW#U
snyderfrank,gonzalezjames@example.net,QG5WZeYN6^
edwardsteele,nperez@example.org,9ENdsTjf(J
ddavis,lwilliams@example.com,i7Zd#@)H)o
owade,wleblanc@example.com,4Yh)3x4d(m
jon25,jenniferortega@example.net,w2FFXz3x_5
nelsongabriela,phill@example.org,wja5HarGH*
ysandoval,edwardsjoshua@example.com,!lva5Ki^Tt
johnstonnicholas,brittanyhayes@example.com,l^2Bpb^qO_
karenjordan,kford@example.net,*N^Js6Bs1K
awong,john39@example.net,+4GA#PfUCd
bellandrew,tom64@example.com,NZ!J7HAjK)
yvelasquez,ronald04@example.com,E!0#gNTXxh
nwalker,nealbrittney@example.net,(RMbJLlB!2
sandra66,kennethrivera@example.com,7^s3JuVw5%
natalie40,dustinwilliams@example.com,(6EUmZrVvt
sanderson,dariusmendoza@example.org,DqeI5lJj#*
jenniferwalker,morrowdonald@example.net,^gMppREy1Y
livingstonchelsea,greenmichael@example.com,$44Wk$3r2I
qcarter,gclark@example.org,eI3bVoR#S%
dmullins,oliviavaldez@example.net,%7OAj%4k_7
lmyers,uwalton@example.org,zY5$3HEqq4
sjones,santiagoronald@example.com,_NOnBs%8^0
lisa23,robinsonjennifer@example.org,!w2lRj@L00
gonzalesnatasha,qhendricks@example.net,(n7ZXnyYnv
danielle38,rmoore@example.com,q%2KqVcG_8
mwright,eberry@example.org,@2LPCDcctX
yatessarah,michaelmatthews@example.net,1B4WO0_l)6
andrewvincent,drewbennett@example.com,_rGwVg!z5y
lromero,alexander70@example.org,FP5Tq2vOY!
robert42,emorse@example.com,+s2DLl)aU#
morrismichelle,jrobinson@example.net,^5YMf+vnfb
elizabeth98,lucasandrea@example.org,4$3$Xd4p%Z
dawsonamanda,istephens@example.com,i(AT%Ad)&4
hramos,usanchez@example.net,8^6U(Km91X
andrevaughn,mitchellcheryl@example.net,NxrjJ(MX$1
williegonzalez,brownnancy@example.com,&e0DXwCS1*
olivianolan,mcconnellangela@example.org,jiFvRJmh&9
nnunez,lisarussell@example.net,@8KunHH*KA
jamesperez,coryfernandez@example.net,+3pRCvLfIs
ucampos,margaret20@example.net,m6^DWwut(8
michael72,ewinglynn@example.org,dmMiXln_+6
jeffrey46,gallagherjoanna@example.org,9NiIVz%o)A
gina74,gina94@example.com,lQo(M9gv%1
kimberly80,kelly09@example.org,_CZnz0_Lm8
amanda45,carrilloaaron@example.net,lCA8SGv7)z
hernandezsusan,rose00@example.org,iHVXmZ@x!5
qirwin,ryan90@example.net,*+UldY3Fc0
qwebb,stephanie86@example.com,#4BtXKNBJm
joe47,greenkyle@example.com,k%8KJvmRBO
jeffery29,smithjohn@example.org,uj5C_cOJ_2
jennifer58,george94@example.org,_*(PEwL%t5
greenshawn,thomas53@example.com,#p9Oq(Udy4
jesse88,walkerdavid@example.org,c1Ztyc#N&0
mdaniels,mitchellangela@example.org,)fIn3K4m^1
mjennings,joshua67@example.org,+0lV7OxHVU
norrisdaniel,timothy90@example.net,eRIQ5F9dv$
xjackson,tmurphy@example.net,g8E_qVgX^o
daniellesolomon,droach@example.org,t9Qj7uJi^z
clarkwesley,hsweeney@example.org,nT3C!mgpt)
xray,dylan66@example.net,$n3Zhhlhib
martinezjohn,smithsusan@example.net,j9D6PUdC#*
bruce24,jenniferclark@example.org,^Ht^dPWUg8
theresa61,cynthia47@example.net,$mUO1Dq*k1
thomaswhite,wyattamy@example.com,D616lNma^_
amanda46,brad51@example.org,_8!_RJva$Y
brittanybauer,johnstonbarbara@example.org,dpaWMuUi&7
karen51,mariahwang@example.net,+72EpST(*7
hunterjamie,jessicalewis@example.com,&f7Y(Ain*x
kristin04,riosgeorge@example.org,a@9B8@eOVx
nathan38,browntimothy@example.net,_8%1gUeG6v
braunmegan,jacobsmith@example.net,*R3#AQFn_!
villaedward,johnsonmatthew@example.org,&EXS#eNB%6
lindseyjavier,wdavis@example.org,&_mT7FfG_(
krodriguez,wellsadam@example.com,y_3Npb)E&%
karina20,kevin77@example.org,9JABg)Ia&A
margaret59,daniel02@example.org,BuVo9JVd@g
gmoody,dmartinez@example.com,7q0hQayy(!
dturner,uduncan@example.net,Y6kT87KL$x
bflores,earlfoley@example.org,fcg2GCxi@@
lchavez,salazaraaron@example.net,6I!Cp&Ud)9
nsingh,priceamber@example.net,vqS4R6cu^x
zamorajennifer,stephaniemiller@example.org,(1F7KcxAx1
marioallen,cjenkins@example.com,&tTpJ_$%9r
samanthadelgado,xcarlson@example.com,#D!2MsekEx
wendy00,christopher91@example.net,#8I^1YWk9q
jefferybaker,fjohnson@example.org,(3Qh1e)guJ
stacey50,bmoss@example.com,$4A1_JzpAm
adamporter,tamaraparker@example.org,%&3R0BLrnb
tboone,sdonovan@example.com,#2IzpKp7Yc
michaeljohnson,drakekevin@example.net,5*mA4EeG+(
frank49,andreross@example.net,i*e4UcRM!%
vincent82,ricejoshua@example.com,7(0Mm$&mF2
wilsonrichard,cheryl86@example.org,$dP$E0z2W7
maysjason,pli@example.org,+MaIjXYGd7
corey47,michelle01@example.org,$0(K0Rqhh7
arodriguez,simmonsangela@example.net,@3W9YGPeRN
yoderadam,amy85@example.com,*7q2i3B1a8
melanie46,zsmith@example.com,X_5yCdnv&%
ejones,robinsonmichael@example.net,(4h(Z4fS9%
cervantesleslie,brandongarcia@example.org,l7zdXk5q&C
andre14,xfisher@example.org,k*8MSZis_j
brittanyhubbard,vhunter@example.com,$bW+%2Muio
wthomas,alexanderanthony@example.org,8lhOdhNf!O
pamelaphillips,pittmanwesley@example.com,++077cVfLT
aking,ydelgado@example.net,pev3SuPc$2
russellemily,salinaszachary@example.net,1dj97DVhn&
kruegermark,qpatterson@example.org,^I%VWMeDu3
dylan27,michellebrady@example.org,e*3N*^FbrJ
chaneric,daniel48@example.com,Hbnw!Vl1)8
jack64,dpoole@example.com,(r@CoH2r#0
jackconley,jonramirez@example.net,$81yZo4Tgh
christina98,daniel93@example.net,)zES&soGD3
chiggins,kbrewer@example.com,#3OYY8UjpK
bmathis,bradleysmith@example.net,@1FtnAmX89
michaellee,glennbernard@example.org,^tlBy(e4C1
heather39,karisanchez@example.org,V%3@Mgz5)f
wallacemathew,nedwards@example.net,_)H2BV8%@d
ypeterson,willishenry@example.com,@3DJwNppYH
zmartinez,anthonyduncan@example.org,q_8eIdpEBk
elizabethwilliams,lwashington@example.com,W2d6)IP5_o
jillcosta,kelsey77@example.org,&2750UTmEX
susan40,dana58@example.net,BK$8FyPH)V
jillian19,kjackson@example.org,#1Aby0rA05
rosalesgavin,johnhill@example.com,)!dI0FtI!9
jacobwoods,deborah03@example.net,@4X2X)yM0V
ctucker,ricardo61@example.net,y+G46vBp40
ohopkins,harrismichelle@example.org,v&81A_2uDs
stevenbarrett,emills@example.com,6W1ymrlg!*
kharvey,geraldterry@example.org,#77iR7Jh24
michaelcarter,julie62@example.com,c0(g9ByiDP
myersjoshua,kimberly90@example.org,)b$3PI&rPt
fluna,wbridges@example.com,eG5SlO%a%6
hernandezthomas,barbararodriguez@example.net,LoT%5EBwC#
jasonsanders,bwade@example.com,11I1tReX*L
erica06,kwalton@example.com,$dVPfHgBz4
mariabenson,bakermelissa@example.com,+KIRoiHmu1
katiehicks,chambersashley@example.net,+d7iD5rgu#
eric39,teresamiller@example.org,4@8VXI@u^X
jonathan98,susannelson@example.net,(%_4VgzRIP
cooperdeanna,garciadebra@example.com,)qvU(%W+2$
jmoore,carolineperry@example.org,C_a@4PJqTZ
hendersonbrittany,ballnicole@example.com,I)T@2Zp%i0
lmccoy,matthew87@example.org,hl@20A3xVv
albertarnold,ashley60@example.org,L6h5UoyA)4
xclarke,erin36@example.net,%q8R6FeH+2
dpowell,ecampbell@example.org,^xJb0hs1Q9
ebutler,kfry@example.net,Fyt2aGtl&S
dhawkins,lhayes@example.com,6d0Jlsm*2&
richardjohnson,robertsbrandon@example.net,+7vMea4#9v
zacharyandrews,edwin87@example.org,!CTrgbd99X
marie09,bholder@example.net,tH9UyIry@z
millerdonna,courtneysmith@example.net,J&6iDgxqoA
jeremiah13,uguerrero@example.com,@2BOxpJii0
garzazachary,jasonwilliams@example.com,p+2ZXjO@hR
holtthomas,charles91@example.com,_r&dW0RD70
william55,daniellindsey@example.com,*HFIwHZm!4
patricia18,traci39@example.net,2@3GFic#(t
aferguson,petermoore@example.net,^e33Mfj%1y
uwilliams,criddle@example.net,(#0omVwq^2
angela80,frank63@example.org,_#zl1D@tsc
samanthawoodard,wallacebryan@example.com,+68qNTsq11
theresataylor,ijones@example.com,!t!2QLp$5H
andersonalyssa,hollandroy@example.org,!4)8Sd5#E@
ksherman,xhorton@example.org,x$9RUfMtw@
floresjulie,heather53@example.net,Y(1GYRao8@
davidjensen,edwardsrick@example.org,J$6D!zZisI
william01,stephanie01@example.com,$B$QNF1p31
uschmitt,jason57@example.net,)v^5QXoxv!
jmcclure,jamesmorris@example.net,T4wUvjxz*o
shaffercraig,frankmorrison@example.com,o_3G3g3z*7
lisadonovan,lbennett@example.net,#ov+Fqa$54
hendersonjacob,zacharycarter@example.org,%Q7!bCVcod
samuel99,harrissusan@example.org,k!30jKWmtO
friedmanrichard,jessica07@example.org,$l8BLk_bf#
rnelson,wkennedy@example.com,J(uo2No6Hl
ashley45,nbrewer@example.org,(choeSw^W3
alexis49,douglasbutler@example.com,h%7G3ESere
jeremy00,whiteshannon@example.net,m2EAO0rg+e
jamiefox,qbrown@example.net,1dz2MUqA%U
zachary79,ashley63@example.net,(32l$At_&H
rachel78,vtapia@example.com,CirEz8Mk_G
kellybrown,perrymichael@example.com,27iFM9io@R
lori01,psmith@example.com,07tTI0lC$j
julie34,silvaryan@example.org,pusqT8zT)7
louis07,michaelcarrillo@example.net,*OQ46@ani4
joseph03,gomezalyssa@example.org,oI2B$8htM^
carl64,jamesmason@example.net,#qdl8KzZ9x
wmoran,gabriel67@example.com,23Do3xto(m
kimberly65,anna69@example.net,)M_a(YNe+0
madison87,lambertandrea@example.com,*YKKBV^w9S
gomezcalvin,jmorrison@example.net,%50n37QtQp
johnross,whiteshari@example.net,k0U*uZRZ)k
zsmith,mespinoza@example.org,)N_T0WOse@
sanchezleslie,dhenry@example.net,)6yQdzO5*0
scott05,dawnwarren@example.net,)3QiP3xBAN
melissa36,owilson@example.com,#ZqL9Cx5(l
jose79,angel36@example.net,Jv4AiP3cV&
hickssuzanne,jennifertaylor@example.org,aZzLw&pg^8
brobles,tlozano@example.com,GWDYE8i77&
rogersstacy,chasebeck@example.com,n9z8Cnbu)e
vroberts,brittanyball@example.org,Zv6vmJJDv(
robertchavez,greenenicholas@example.com,_BHCaw#k&6
jonesvanessa,jstanton@example.org,g&7LCt8H8@
ztorres,ryan42@example.com,6h1%VRgms!
qbennett,evansbrady@example.org,gC5f3vAf(6
amandaherrera,turnerkari@example.org,Fg&c9L+i@4
bryangolden,robertsbrandy@example.com,K$27PP%fRu
nguyenshawna,jeremy78@example.com,#SZ*XHaJ1i
qshort,johnstokes@example.org,^!41FwJCZv
daviskristina,powelltimothy@example.org,^T1yIk3g__
mistymatthews,elizabethwilliams@example.com,gi0(3DvU#Z
hoganeric,matthew64@example.com,#AlJJf7PJ3
ochristensen,pweber@example.com,YuM59RC1G_
ygallagher,mitchellsanchez@example.net,I*M(0TnF9K
jared96,kathleengilmore@example.net,+2t5GuXh(+
mariolewis,robert58@example.net,@&H39VsXhi
garciapenny,heatherdavis@example.org,7GZ0n!gR!N
audrey12,wernerraymond@example.org,KyZ4hzZGd)
ltaylor,alexander69@example.com,1ItVTdIz(1
johnsonstephanie,jacksonkristen@example.net,fU8!1&My8N
campbellmargaret,christopher01@example.com,*6G*b8aV9j
hcastaneda,cmoon@example.net,@9wT7bvA7+
ebrown,tuckersheila@example.net,@B3pRk(mj*
martinsarah,robertsdavid@example.net,te^K3KoF*4
johnsondana,christina16@example.org,Z4F$e&hC)b
lisa52,gregory74@example.org,8f%eUWlQ!2
tinajohnson,garzacourtney@example.net,^t6EPOl1Z&
patrick07,alvaradochristopher@example.net,%FZxp7HP1a
chambersvanessa,tuckeramanda@example.org,P(Dk6FSg*9
aliciahoward,anthony41@example.org,W(+8eIDopj
katieschmidt,sandrasmith@example.com,%1OyUM5)Rw
renee53,chris52@example.net,@l94)JpPTX
jzavala,nunezjeremy@example.net,*mXsKVse)1
heidi08,jacob06@example.net,dE+&9U%bCM
fenglish,cflores@example.com,TA3%NYv2f@
kevin72,leah08@example.com,_x32i8H)(_
amanda57,meghan90@example.com,G+#7Sz4_kb
morrisamanda,aliciaperez@example.com,H!dW2*Tn_)
rebeccahoward,brittanyyoder@example.com,)y3hxPa+$R
powersbrandon,dawnlewis@example.net,&7%@TZJp$D
michael94,acostabeth@example.net,k#l43AjYMj
scott43,vsmith@example.org,2)4ubyYlJ%
anthonyjohnston,underwooddeborah@example.com,^f%(^0Nvu@
derekgonzalez,wmartinez@example.net,#Q91IE&m+B
ashleymedina,morganwarner@example.org,DaP2X)In$*
ashley53,blakegarcia@example.com,Ed_0Mz4r%_
tracydavenport,wedwards@example.com,)P7+8NiF(A
tarabarnes,vferguson@example.org,)#0ON5B@Ky
turnermisty,rachel22@example.org,y7ObdrDO%p
helen07,harrisdebra@example.net,T#vw1Jordu
uross,msmith@example.com,_kVJe%_k3m
xmontoya,jamesmullins@example.com,wPvd9Ma&3*
andrewgalloway,tramirez@example.org,Y@&T3Eir!(
hcooper,fernandezbrandon@example.net,i89S%u5D+P
hilldebbie,ucollins@example.com,(0GQB8(oLb
qtyler,sullivancatherine@example.net,*&FuJ3PwU(
elizabethmoore,alvarezbobby@example.com,F6RgDCeS!5
erik62,mcdonaldkimberly@example.com,cR8BSc3m^!
wwhite,jjordan@example.net,4meK)Qvc$!
umartinez,fowlerkathy@example.org,2LhP(izB(N
smithrebecca,charleswilcox@example.net,bjrxDaG2L%
bennettjenna,zbailey@example.com,Wf*p6JbXF+
kimberlyweber,daviddavis@example.org,%3dN6TwOZ(
robertjohnson,taylormichael@example.net,o+3pV3BPei
fkennedy,patrick86@example.net,m@4vVdhI&j
joseph92,ssantiago@example.org,b_!0WxF@&@
zrich,jessicakoch@example.net,+otHen2!k3
tranadriana,pachecokyle@example.net,!5d2QrWucY
pcoleman,ilong@example.net,!ybJ8Zqzjs
charlesclayton,johnsonmichael@example.net,KuW39_Ath$
wquinn,todddale@example.com,&7q)RWduKQ
stevemorales,jackreynolds@example.com,A2Z&Hm0s(8
beverly35,taylormatthew@example.com,B*O971EnRB
timothy93,ashleydon@example.com,RKZocJ%a&5
fhoffman,danielle03@example.net,!*qD!SgYO2
wendymartin,rickyclark@example.org,0$8OAvmks_
ecox,virginia57@example.net,w@F4Jm$Gsk
oscar68,ggomez@example.org,kTp4QagY_n
john07,ediaz@example.org,hrIlTJaA(9
andrew45,wardjennifer@example.net,Mg8I8timT#
joseph50,annajohnson@example.com,(#5R!l@1TB
xcarlson,madisonchristensen@example.net,ft35C#z0^r
zescobar,daniel08@example.com,S*D3^QJ$Wg
millerelizabeth,maurice55@example.net,u$NS*7Wb*o
kathleenscott,thompsonroger@example.net,yqH8XDU&n%
dgarner,matthew59@example.net,2I4lEv3j(R
sandovaldebra,thomascathy@example.org,pb1f4LMiK&
goodmancourtney,paulaboyd@example.net,$4t&#HnyN(
feliciawilson,yjacobs@example.com,Po_Ghgfm@7
buchananscott,egraham@example.org,!L5ZEsXfF2
andersondebbie,annpeters@example.org,r0B$4$Ul!j
kenneth18,johncoleman@example.net,@0ChqB68%S
michaelyoung,wisejody@example.net,G(j1I!Yvc+
owenswilliam,deborah67@example.org,!7fjxALK0l
whitestephen,christopher19@example.org,A4EZ_HDu)L
bbrady,brendamorales@example.org,+K6Ym3*SpN
elizabeth14,kristin62@example.com,!3(XI*AY&g
vmooney,aclark@example.com,*RTImu4S05
pvega,richardperez@example.org,^9ewFZx%C4
bethmiller,gjackson@example.org,2&(dDwaq%7
bonnie79,stewartsarah@example.org,@7kzEgDd*v
crystalcohen,richard31@example.com,M1nL1qIt$F
alicianorris,myerstiffany@example.org,3+O0O1DyGl
joseph00,hannah03@example.com,h2TPDJxl_t
yvette39,dustinmorris@example.com,^@7Br%Ziw6
jasminesullivan,martinezamber@example.org,7nfTB&Il)9
kimberly90,tdominguez@example.com,Y8#yXOeM)s
jonesjamie,blee@example.com,(7eyW1)0!e
lisabrown,jackyoung@example.com,%k90Drp+y#
scott51,barnettzachary@example.net,!@5ANiX%2#
romeromakayla,qdalton@example.org,B73V0KmNe!
jessereyes,christopher18@example.org,5k)0T9zb)1
stephaniescott,vwatson@example.net,6PjE9Tfi&v
james09,frank88@example.net,^q6Js9IpB*
stephen88,adamgill@example.net,PLvyEXHr^4
ortizdaniel,brennanmichelle@example.com,)t^x30CiuL
chase86,parkspatrick@example.net,%3dx4SxUCr
kvincent,toddcollins@example.org,+^nF0zKA4)
lpatterson,tbaxter@example.net,@6YiIT$yBD
fburke,aaroncarter@example.net,MQi2WCpvh^
tburgess,jessemedina@example.net,KJ#os3HlL8
yzamora,sherrywallace@example.com,sTr0Qtxp+c
brianaallison,ybrady@example.com,M!83PmNM^W
stewartthomas,deniseclark@example.net,Z$o0ZbEP)9
diana65,matthewwhite@example.org,_2tNnw7#zg
madison11,fbass@example.org,1hLuH^Vk(&
jennifer96,ylambert@example.com,(FWtyV@Z^2
tylerodonnell,stewartmary@example.net,0n6R4&G#$9
shawn85,joseevans@example.com,W0@sqGkj#4
fcollins,nturner@example.org,b!CF7qIB$5
burnscarrie,natalie90@example.net,k^4zyWlvy(
amandadunlap,matthewslarry@example.net,$@8RWq1)Wy
audrey30,thompsonzachary@example.org,*9H3JrEc$%
qpatel,englishchristina@example.net,ArTIoJhA&5
richardaustin,matthew06@example.com,l1TtxyGX_s
anichols,edwinmiller@example.com,^nUF_uYOl6
ebonywalters,travis28@example.net,+0Wat7Dg*l
christopher52,riverawendy@example.net,Hl$S2vUqj!
bobby90,monica89@example.net,7#sCo6Mw^P
nterry,charlesprice@example.org,&2*f2GusVE
williamclark,wolfjessica@example.net,Tw)5Xh7hgw
briannaandrade,owells@example.org,)g5l6XhmR)
michaelalvarado,moniquemoore@example.org,8Q+F$sAy+c
zramirez,timothyadams@example.com,C^E2SBDp)5
fsanford,thorntonkelly@example.net,B&h(2No4XE
carrscott,uyoung@example.org,gm9Gln&g!a
kelsey92,jjames@example.org,)8wYqi8k2A
xadkins,vross@example.com,@r5Vs$Ki7h
kara64,rodriguezhannah@example.net,5u+Ng0&o(B
upeterson,christophermoore@example.org,F4P9HKXt&G
ebrooks,ashleywatts@example.com,03*t41TyQ@
nicholas59,olsonmichael@example.com,+3I4uRa*p9
tuckerstacey,kennethrodriguez@example.org,)9$Oo6L4^x
wanderson,taylor85@example.com,8x1HHkaM%B
michael09,todd94@example.com,^8ktD7ZuI5
richard97,scotttiffany@example.net,)dy)7Xz$eO
murrayjames,egarcia@example.com,a#Vhvak7^9
erin62,currymichael@example.org,zJH6zkY5_8
ibrown,amandalewis@example.org,mhX32ZlAO$
ujoseph,ealexander@example.net,ep8!$Agl%K
palmerterri,howard63@example.net,j*9IwJV&))
marcomoore,gmiller@example.net,yo*8SzBxY8
sandra18,salinasgrace@example.net,GLP5D%Cg+d
kimberly84,qcrosby@example.com,_7QFBya(2S
zjohns,taylor70@example.net,b)05M_NvJN
bobbygardner,qhoffman@example.com,@Mn+oas6J8
jennifer39,hughesrhonda@example.net,h94)mXeW!w
lopezvictoria,bethanymarshall@example.org,x*46sfFD0d
piercewilliam,laura80@example.org,z)hn3GZyE5
samantha69,kelseymccarthy@example.org,!tiXS2Ucw2
lindsey97,vasqueztrevor@example.com,DPt0G)bd+&
jason76,darius87@example.com,*78Vvaenec
jeremiahbaker,ugoodman@example.net,s5qY!Ssp*d
ewingpaul,megan27@example.org,rEUr*9YsNz
emily56,steven89@example.com,29DvcMvX#c
lgray,sandrafinley@example.net,)I1GiKqLW&
dwalker,natashamorton@example.com,@z1Bo1kIxa
jasonlawrence,johnnygray@example.com,ys0tMD)DR+
williamsanchez,johnsonpatrick@example.com,9N86Rkhl%6
nguyenterri,twolf@example.org,N^5ZZLHa$f
winterschristopher,ann63@example.net,MQ2uQRz^l)
wellselizabeth,hcollins@example.com,!3G!Bd1yD^
kenneth41,fhill@example.net,#)1B@*icU6
olsonrebekah,kelly83@example.org,w_9LHe!q&!
richardjones,vincent19@example.net,*0DXoN)XlU
david32,rwilkinson@example.net,VYV3Rvtpl_
carolyn07,maria74@example.net,TM54FD^j5@
derickson,wjackson@example.com,2rp3UOjq%(
conleychristina,hinesjeremy@example.net,)M_0YfUj%d
natasha66,davidgreen@example.org,W!3N7nyzc_
randypruitt,travis56@example.net,Q)XUycy8!0
scohen,zcobb@example.org,^0i0TfaC$3
prussell,kevin78@example.com,a$u1$5Kie%
christytorres,gabriellaross@example.org,x51GDPT4%6
vhall,crystalmassey@example.org,!2+HvnUFeL
pwilliams,markfuentes@example.com,B+%V1Ll8+Z
wheelereric,melissa25@example.org,QPom0rsyg(
cooktyler,michael16@example.com,ayI2kQuo$b
david07,uayers@example.org,%aPEaWB^2k
rodriguezchristian,kathy61@example.org,N3PTV#es+G
uzimmerman,christopher56@example.net,!GUiR+Nb5w
nunezsherry,seth37@example.org,Mafj6JiWw^
tiffany98,robertsnow@example.com,&KQf7Isis&
elizabeth56,wendywright@example.org,(0_U)Rxui3
jsimpson,yrodriguez@example.org,&b!*Ljww91
hunterjulie,wadebrenda@example.net,$mPPFG!lj9
jeffrey29,christine30@example.com,zTDB8hoX+4
matthewchavez,crystal00@example.org,ew#GBpy*#3
leblancmelissa,kelseyhunter@example.org,^elo4)m9N1
robertnguyen,umyers@example.net,@%y4JRne^q
bob11,dominguezomar@example.com,udZ6U!&7_9
melanie69,pamelabarber@example.com,y8$7V2^*(z
sandra32,daisy79@example.net,#4!Jklso!m
gonzalezjose,kathryn64@example.com,LaM7Yf#e*2
munozjerry,ericksonphillip@example.net,1A!G4Flu%e
rallen,millerwendy@example.net,k04#J@n9&5
william81,psmith@example.org,&LMAbwi4N1
hrose,ramosaudrey@example.com,@u7ItlCV!0
vmercer,shelby39@example.org,5*!0%GxVGH
dholland,dalegibson@example.net,8O6W2hTeQ%
qtran,greenchristian@example.org,)i9GvGFz*%
gilmoredavid,matthewlong@example.net,(HH9RG@lbY
johnanderson,ramseyvalerie@example.com,+9p%@El$$^
perrymeghan,qlee@example.com,+wp!bTUiq9
mwoods,charlesbaker@example.com,v1P6zpvx(^
flewis,hshort@example.com,YUn+I1uK5&
ahamilton,dylanharrington@example.net,ay_9Xrlht@
megan22,jackson96@example.com,%4lVqeSPqr
mscott,floresvictor@example.org,Vl5jtW0NN^
alfredblair,dmckay@example.org,xH@6BFRxY@
ufarrell,carlos24@example.net,^*4Gu!VcxH
stacy42,jaredhogan@example.net,!5MU06ZhMx
christopherfields,jenniferjarvis@example.com,!)5L@9Efb(
crystalnguyen,colleencross@example.com,^w1V(Aw6)J
ferrelldennis,marcohernandez@example.net,wbAqZ2Ll(3
pittsjenna,davidlarsen@example.com,)A6pR86pG6
jenningskarl,andrea15@example.net,AnI1QVP(!_
riverafrancisco,nathan32@example.org,PS_Z85Bkwo
julie39,brandon11@example.org,^K1KkRH4y2
leah88,mannbrittany@example.org,(oC)XzFdx6
jill59,cramos@example.com,c)zl9CdMxK
dunntiffany,tammy97@example.org,15VeWF!Q@f
adrianmcneil,gcampbell@example.net,WZU3VXYs@v
williamgross,ghunt@example.net,H%es3S5oXy
hayesbonnie,juliataylor@example.net,ALEUdhl7^4
murraycatherine,ucox@example.com,(3lVNAmpcO
yowens,beardgina@example.org,!P0V_UuB@^
evelyn02,christopherkey@example.org,+5_6K9Lgd1
bjones,olivia93@example.net,dz$y5LMlI^
krodriguez,arnoldjohn@example.net,1gkUCeHt)+
aphillips,john04@example.com,U$^5C!ZkWb
barbaraburke,erika60@example.org,(HWam_xxT2
stacy06,elliscatherine@example.com,%7A#3oxX_W
ginafischer,briannareid@example.org,+jFso4N+9$
rwallace,shawnbrown@example.com,)8K0S_p+dQ
valenzuelajonathan,ldiaz@example.com,!U#4ZPwnd7
spierce,taylor88@example.com,dWANLqzz!7
eric80,williamzhang@example.com,17KW2Ouv_G
vaughntamara,egray@example.net,^1)0E7oEyb
raychristopher,angela87@example.org,+jc1PF#a*w
rogerkelley,jessica96@example.com,2bC%#Uuj+m
alexanderwilliams,elizabeth97@example.org,X#!3XWEvW_
vmorris,qgoodman@example.org,^2gbMvH(j3
johnpineda,mirandaclarke@example.com,+LRhYi!zD9
abigail96,hillbrianna@example.org,CH(0GzCTUK
dustin79,davisdarryl@example.net,d!8LJzSzB4
qwilson,brianhopkins@example.net,+p3irUpiDx
kenneth29,jmorse@example.org,p9McERLc+V
lhatfield,bakerchristian@example.org,lD_n1Rvb*5
joshua84,eblake@example.org,u%0zyDrtCW
johnhuang,rodriguezmary@example.net,%fb4u^PtHe
christina80,tammy16@example.org,u52nO1ua#O
stephen56,michellemarsh@example.org,dOoTGr$H#1
william63,ryan41@example.net,c1_vUQrK!2
gregory82,shane05@example.org,!bmCqMvh3h
ibaird,vnoble@example.com,vdj6EMGn(!
vbooker,russellelizabeth@example.org,$qhw4UDu2a
matthewkelly,irobinson@example.com,DuLt2Fri$C
tinaflynn,sbanks@example.org,@wEVZPrZ56
tamara48,julie67@example.net,1o3FSCwtK$
shelby99,susan64@example.org,T6%)f4Au*(
amywright,ddunn@example.com,b1B4Ln2r(Z
sara59,xkeller@example.com,Ej9XFFVBZ+
gwilson,nancy41@example.net,d9Ls_vfs$Z
cole19,christophercollier@example.com,4%WkjNGY*2
lynncox,geraldpineda@example.org,a42j5Jk@+1
michaelarmstrong,zimmermanjustin@example.com,las4Ces&)(
njones,dholt@example.com,(6)CfjXreP
ann29,hawkinsdeanna@example.net,Il+9UMv#@b
clintonhaley,kathleenibarra@example.net,y7d^B!aj&&
morrismichelle,allenjamie@example.org,7F!36IiznO
petersenkatelyn,davidjohnson@example.org,_&xUy%qdK7
bruceross,wjohnson@example.net,t4HWpMi4)#
carpentermichelle,hillbrandon@example.com,Ao3Frj9gS$
carol09,hlopez@example.com,SC2Vl3is(j
rossdaniels,amyburns@example.com,R)dI3QEh8J
travisdavis,rossdaniel@example.com,N2SPo*h7^F
jacquelinesnow,gutierrezpatrick@example.org,q^%06AgDYG
noahmullins,vincentdavis@example.com,c!3zoEzJ!J
tylerhernandez,tanyabennett@example.net,*afihVGeR4
whitneybrenda,anthony99@example.org,(1l5Bhwr&Y
sjohnson,fthompson@example.net,)m^E99Kw_&
gcooper,coffeydaniel@example.net,3A1UdBoB+I
regina89,rhiggins@example.net,!TvCo9aLw0
anita14,colleenvance@example.org,kYs230Re^5
brandontaylor,nicholas77@example.org,@5ynqxxrQQ
wilsonrobert,turnerrichard@example.com,p51Dlsiq&x
qcooke,jwaller@example.net,7TOYD0a++f
larmstrong,mendezelizabeth@example.com,r0ES3UzL+H
lopezvictoria,wsmith@example.net,)OObPgueK0
ymcbride,duncanpamela@example.net,VbdO$4QiXD
scott67,rward@example.org,)zFNDpq2C8
brianmartinez,qalvarado@example.com,55e#zOhj#G
dwayne24,eross@example.com,TN2K@fwo3@
nhamilton,david85@example.net,&MsYmO1y2*
douglas34,harrissean@example.com,3)YrHRFy$)
grobinson,karen17@example.com,saGReAfa)6
ryanjohnson,jennifersoto@example.com,RX7NQTZq$9
christopherwatson,frederickwheeler@example.com,)^c6CHLzaH
troy71,maria98@example.com,EXr2RRsM0$
kphillips,mperez@example.com,5TDT9Ejj)M
hernandezmelissa,batesjill@example.com,4g0gVMfm$6
carmenjones,gsmith@example.net,AQHT@Kya@0
npalmer,crystal41@example.com,&WOt0ZetZT
jenniferbarnes,jonathan73@example.net,S8jOe)vy$K
jody71,tiffanyhill@example.com,PX0HT%mPU^
sarah43,john69@example.com,#GmPFQdCA1
lewisrichard,bhill@example.net,r11(DVxU)d
williamsmaria,edwardscarrie@example.org,5eHE4Bhr$V
freynicole,lopezkelly@example.com,*1GtlRWj(c
powersjodi,martharay@example.net,1ONRZQ_n*h
greenechristopher,jaredtaylor@example.org,x9qplL$f%q
paul74,pricedaniel@example.net,)6Z%Gzx^#b
deckerbryan,nolanelizabeth@example.org,o_3VEqtOf_
lisa59,speters@example.net,+e9DHSaED&
stonerichard,kimberly80@example.com,%dO*#Br8T6
garzalisa,maria80@example.com,H#7XInU$7k
robertsmichael,lvelez@example.com,I$&W8$Jo9_
uwu,taylorkimberly@example.net,LG2GTfz!&W
cwebb,fosternicholas@example.com,$%+7wVj__1
smithmanuel,caroline17@example.org,@!Eg4BkfQ5
keithhernandez,davidrobbins@example.org,!UtC4(me9^
heather37,ivargas@example.org,B4JR44YT+y
thernandez,teresacooper@example.com,K49Yz8vD(3
jholloway,lance22@example.net,3MKT1@$d^5
scott76,therman@example.org,xAe2LRrY(^
curtiswaters,randydavis@example.net,s&77JmwG8!
jean44,jasonlarson@example.net,*14ZdULYoM
kellygreene,tdiaz@example.net,I+5PoRHwzw
victorscott,okim@example.net,#w37J4Ws$r
hooperjessica,laurenpeters@example.com,67XGpyE!*p
michelegordon,timothytyler@example.com,#W2!Ijwz60
vanessa12,johnnysloan@example.org,^8Z(QAxK*x
taylorfleming,bsherman@example.com,6w3dZmugm(
deanvictor,sandraclark@example.com,O$MQ6F3sJK
richardsjeffrey,choidenise@example.com,ppW6mZ(q##
alicia04,isaac36@example.com,*zW&FQHyG9
mary99,cooperrebecca@example.org,XU(0LyMo$1
jeffrey20,william69@example.net,*2bhIlK2iO
basssteven,zharris@example.org,JDP6qAJsu+
edowns,maria36@example.com,G+HOJ7Bf%l
lmontgomery,teresa15@example.com,tpZfI@oK_3
natalie94,natalie37@example.com,xQF8BRyU1%
hortonjoshua,wellsstephen@example.org,fG1L7#*a%1
sharris,pmcdonald@example.com,%xp_NmUN(6
wileyandrew,egraham@example.net,G@79KYd25n
sergio54,nrice@example.com,i5V1Mfpy!M
johnhiggins,huffmanashley@example.org,7ZQAbOxi$I
burnscarl,burtonkaren@example.net,^OxAncAR1x
steven65,hannah04@example.com,Q)12TmPfGy
julie84,victoria08@example.net,_xzx#YK!e9
erik02,ojames@example.org,)H2H6KZlEl
anthonythomas,jason85@example.org,!4_Ezpv)tg
blankenshipmichael,jeanne38@example.com,r7Th8fZo**
michelelopez,samuelhill@example.org,)qFDIRQf5D
nluna,megan48@example.com,&n1PVgzogP
samanthajohnson,xlarson@example.com,j3pP9Whz+^
mitchellsuarez,martinezwillie@example.org,6WX@99Zzy%
sandra16,randerson@example.net,(^6DV0pLYk
travisfrazier,zward@example.org,Y85umDwET%
colemanangela,jamesbauer@example.net,$*X6NlUqIf
woodmark,xhansen@example.org,sGG$vO5^@9
johnsonnathan,carladavis@example.com,$$Bfc54U2V
pstone,hansenchristina@example.net,*4OJqrrl%S
jacob66,timothy26@example.com,Z0c0ImIo%C
chelsea24,qfox@example.org,%k4CMCtHa2
bradfordsheila,ladams@example.com,Qw6yV_z_&a
dtaylor,taylorhall@example.net,b%QO4BmCP(
emma76,margaret78@example.com,Co(0haBlW3
richardsondaniel,qkelly@example.com,+0PKLBF$#j
ballardrobert,youngleslie@example.net,^zRnePucI0
david38,smithbilly@example.net,($E)&Cxoj9
melanie70,michaeloliver@example.org,@42BqYGsfk
pennygood,moralesbriana@example.com,^L3+8Od8l1
jamesmiller,vfaulkner@example.net,6!6JvYberh
smithsusan,cpierce@example.com,)jxKQoLc20
joseph49,tanya65@example.com,!7e4_ScIRj
jennifertorres,morriskevin@example.net,W2G!5D3bBe
smithlori,david43@example.com,_k!U7%mu*0
colemary,oscar17@example.com,ELw5d7bdy)
johnsantos,ychapman@example.com,Wmf7DAYqq_
beckmelissa,ahancock@example.net,M6F_v1aa%@
bhunt,johnsoncatherine@example.org,08Sm%u$2&d
fmarshall,fglover@example.com,_Pr9TOaetA
peter91,edwardgomez@example.org,p$UgM5Mh0$
zburgess,mfowler@example.com,gOOPReL5(1
amandawatson,lwalton@example.com,#dsCUtl(&0
courtneysanchez,chawkins@example.com,Q6jFQo1e_W
lopezeric,kellyrichardson@example.com,$U&ZPFvzU9
ellisjames,elizabethlewis@example.net,3d^LEphx^X
shannon56,nicolescott@example.org,)rM!NB@U81
smithdustin,lchan@example.com,8l9G*Q^SZ%
mikemaddox,jason48@example.net,f#@L1Ckn9v
justin20,suzannerivas@example.com,+d_6ZOmh64
marissa47,lebrent@example.org,$$9(Q)7c&1
reginald68,whiteheadmatthew@example.com,wQ)421x!Q_
andrea79,estradajessica@example.net,CwA1BV(c#9
daniel01,lisaali@example.net,+(SI+tnms6
jacqueline69,npowell@example.com,_rl)1Wbww(
lauraball,staffordcorey@example.org,*H(i55Ege!
sotoyvette,alejandrotaylor@example.org,JlmN#jHr%2
tkent,matajaclyn@example.com,*DCo$54bk2
lauren25,ian54@example.org,38SKfheU&v
rebeccawong,kimberlystevens@example.net,rp#8qAtj5&
swansonerin,emilycurtis@example.com,fDm4W!o!T$
stephen86,emartinez@example.org,(0XZSk80sV
cheryl54,perkinsjared@example.net,^*WOXwylJ1
henrytyler,donaldgreen@example.com,l7wz2wcz+Q
michaelvalencia,vharmon@example.com,#1VCpr4&fw
pmartin,velasquezjessica@example.com,)4VP@eAwac
kevinmccarthy,stephensseth@example.org,(S4Nc1%UUp
dawnbeck,jason34@example.com,Eql91BYn)#
brandonkennedy,gabrielleanderson@example.org,pd)&FjNy)5
xmoss,robinsontimothy@example.net,W@x42Z+8Ng
matthew86,brewerkristy@example.net,TcOyaDfr$4
rebeccarodriguez,john62@example.org,^4J&T6vtBJ
james84,brianwoodard@example.com,hbXvoLvk_5
theresalloyd,yangstanley@example.org,0aOxIj9*_b
cisnerosvalerie,fortiz@example.net,&49mx%7eI(
oosborne,ericford@example.org,+hMVjajTX4
greensusan,langscott@example.net,_HU8Spsu+%
johncervantes,hannah51@example.net,@sN@2sOloE
jason25,hutchinsonemily@example.org,@%VK@iGO61
gregorylevine,joseph67@example.net,7$5(G(rbXe
melissa55,samuelschroeder@example.com,)Z2M7qma(1
brittany58,steelestacy@example.net,P##_5UefVr
rhonda52,jane77@example.com,tT4VJJy$*U
vmartinez,xdiaz@example.org,*m7sSaGh_@
jon53,wwilliams@example.com,_!69TH_hs*
nayala,nathanbanks@example.org,b+v79+ThcJ
vswanson,cassandra59@example.com,*28Dffa_fR
phillipwade,thomasgarcia@example.com,%#YGbv0F0w
benjaminhampton,erin59@example.com,Ku8W833e#h
cathycarrillo,christophermullen@example.org,!K0!s0EmGq
wardmichael,danieljohnson@example.org,2!8SUEN35r
rzhang,harmonzachary@example.org,W7VQIe!l##
michael39,ashley02@example.org,$jYfw(Kk1z
sheila75,jacksonlaura@example.com,KbJa3ACcD@
bradley97,rachelmyers@example.net,6JDREo)A%4
rebecca21,qmcdowell@example.net,ps*kuTgL$4
sean91,browndebbie@example.com,wjY2NXBL$*
wyang,saragreen@example.org,*9AVG^iLH8
elizabethfry,terrenceclark@example.com,Gl11pESDa*
janicewhite,ajames@example.net,m3(0wKp7my
ryan84,zglenn@example.com,JZ8F7k6bz!
james87,kellerdana@example.com,K8Wselog$F
kathleen74,hilltracy@example.com,fWId37U&$1
edwardskristen,murraylynn@example.org,#PuD0kJwb(
robert93,mcclainrichard@example.net,%umw5HOuKH
david85,brendacollins@example.com,#1PO)Tl_Eg
heather69,brookeherrera@example.net,$8GNzpJV6l
christopherhorton,johnsmith@example.org,7@EP1Zq)9+
robertellis,michael83@example.com,2PeS5rHJ@7
ebeck,smckee@example.org,zjtX7JsY)9
derrick85,washingtonbrittany@example.org,&rSm!xuom7
lopezstephanie,imoore@example.org,Ysg1nSbI1^
triciagomez,keithdennis@example.com,#wH$vBph5%
jake50,aramirez@example.net,)3pXrWM_7h
mcdonaldcole,joemurphy@example.net,N2OEYpKK$4
taylor12,gsullivan@example.com,l_q3SenxDg
kimthomas,william47@example.com,^)q34Wcsy$
rushlaurie,clarkechristopher@example.net,Ga2Bwfn26#
qchapman,ericwolf@example.net,+0wHPOMu!s
guzmanjeffery,jeffery00@example.net,3!0gJwVn8F
tamara03,joshua63@example.org,Z#b4RMjlhg
teresa18,daniel76@example.net,mE_6ILuwt4
ashleyfoster,zachary21@example.org,)2DNFFeL)N
douglas64,brianmontgomery@example.com,k+8C@hEiB!
millerveronica,ashley28@example.com,!bl2%SZnz7
tapiasamuel,lanceross@example.com,&Jc!xJ3I9w
matthewschultz,ashleysparks@example.com,3tYLmOYe&9
lunajoseph,jamespowers@example.org,H$4wWhNn%P
josephking,pamela39@example.com,8t&N8oy4@q
mriley,taylor91@example.org,W3YPl&p+_#
henry02,bethanycox@example.org,Zc39!SHm1@
bassian,cassandra31@example.net,HU*7!Ukzhw
melissa83,vickie87@example.org,1AK(j%eS^N
williamsjohn,callahanamy@example.net,U4nUwc@p$3
feliciawebster,jennifercruz@example.com,#0MD9RFcrO
rodriguezryan,vnorton@example.net,1T1H20Ka0&
jason04,wardjames@example.net,(DLY!7Bc4O
ryan97,grossangie@example.net,Ha0UPBfoO$
amycunningham,bradfordamy@example.org,#+06LdG#rW
moralescaleb,rlittle@example.com,@81mOKPb2a
parkerkenneth,caseamy@example.net,t(1omSIkHb
anne01,jwilliams@example.org,^sq*6J+k!e
scottsandoval,michelle20@example.net,^7T95UOwwX
hollyscott,barbaramorales@example.com,AG9ZcqTBi$
tranangela,ysullivan@example.org,n*3vKh*J6j
qnorris,gregory63@example.com,1#8RnEl(ta
garciamatthew,kelly95@example.com,mFRA4iyPs_
lmay,donna42@example.net,)fB8YOOfU(
greentina,roblesjeffrey@example.com,s$*9F7vz@P
rnichols,tcase@example.org,uY!0UGfcq+
ibarradylan,stonetravis@example.net,_0jMD!k0!f
browningkathleen,reneecastillo@example.net,zp8ZNzTr)d
jeffersonchristine,owilliamson@example.com,u4987FbN(0
gene59,stephen57@example.net,&X03DOYpWR
ocollins,williamsbrenda@example.net,k8oUyDDg%8
tlewis,zsolomon@example.org,0%5)CzAat*
bruce59,marcbrooks@example.com,MLg#4Ushuj
jessica25,jacksonsherry@example.net,ko4aNjopV(
natalie39,rcrawford@example.net,%497B%e&U)
terry53,chad39@example.com,X&B3K@fE@k
rosetyrone,jlopez@example.net,#14L9tXN6l
juan84,robertbrock@example.com,Yt&!S2Va#5
wbennett,kent90@example.org,%p6Dgts_8U
jameswright,harriserika@example.org,h8@FKkk@%f
gkim,jhaley@example.org,+r4V%e$Tnt
william37,ktate@example.com,R(W&b2Rxni
curryisabella,lee64@example.com,_n!7x4Yk&g
jonathan01,mgill@example.net,0LDvv4Oi^s
murrayrachel,pooletyler@example.com,6I+A6B)v&r
jenniferdawson,mistywolf@example.com,x8JrQPKg*c
tina93,pvilla@example.com,D%6dUa4VI1
nathaniellawson,watkinschristopher@example.org,ooT6qUSQU_
dspears,fernando04@example.net,$6T^65Sf8V
teresamullins,duncanwayne@example.com,@Qb$G7VuID
gabriel98,lauren04@example.org,+3+0iGxqz3
wilsonzachary,alexandersanchez@example.net,f6VI_%Cw!q
bpope,danacoleman@example.com,$A0U6Iox86
elizabethburke,walltracy@example.org,^2e3)VxCL*
dpeters,martinezmichele@example.com,9^^E2JPPst
aalexander,autumn36@example.net,@DLzoelGo6
anna49,jake45@example.com,fMSoD6cwt*
jrobertson,annecurtis@example.net,^@(Y&ZgG9C
